# Отечка;;;;;;;;
;;;;;;;;
Банька;;4,10%;-;11,00%;светлое фильтрованное;Лагер;СОСТАВ: вода, солод пив. яч.,сахар, хмель, дрожжи;banka.jpg
;;;;;;;;
Горный Карачай;;4,00%;-;11,00%;светлое фильтрованное;Лагер;СОСТАВ: вода, солод пив. яч., хмель, дрожжи;Gornyj_Karachaj.jpg
;;;;;;;;
Домбай Горный;;4,50%;-;12,00%;светлое фильтрованное;Лагер;СОСТАВ: вода, солод пив. яч., хмель, дрожжи;Dombaj_Gornyj.jpg
;;;;;;;;
Жигулевское ЛПЗ;;4,00%;-;11,00%;светлое фильтрованное;Лагер;СОСТАВ: вода, солод пив. яч., хмель, дрожжи;Zhigulevskoe_LPZ.jpg
;;;;;;;;
Жигулевское Самарское;;4,50%;-;11,00%;светлое фильтрованное;Лагер;СОСТАВ: вода, солод пив. яч., хмель, дрожжи;Zhigulevskoe_Samarskoe.jpg
;;;;;;;;
Волжская Коммуна;;4,00%;-;11,00%;светлое фильтрованное;Лагер;СОСТАВ: вода, солод пив. яч., хмель, дрожжи;Volzhskaya_Kommuna.jpg
;;;;;;;;
Венское Экспорт;;5,10%;-;13,10%;светлое фильтрованное;Лагер;СОСТАВ: вода, солод пив. яч., хмель, дрожжи;Venskoe_Eksport.jpg
;;;;;;;;
Майкопское Светлое;;4,00%;-;11,00%;светлое фильтрованное;Лагер;СОСТАВ: вода, солод пив. яч., хмель, дрожжи;Majkopskoe_Svetloe.jpg
;;;;;;;;
Особое Поручение;;5,00%;-;12,00%;светлое нефильтрованное;Лагер НФ;СОСТАВ: вода, солод пив. яч., сахар, хмель, аромат. пищ. нат., дрожжи;Osoboe_Poruchenie.jpg
;;;;;;;;
Пятигорское;;4,00%;-;11,00%;светлое фильтрованное;Лагер;СОСТАВ: вода, солод пив. яч., хмель, дрожжи;Pyatigorskoe.jpg
;;;;;;;;
Рижское Барное;;4,50%;-;12,00%;светлое фильтрованное;Лагер;СОСТАВ: вода, солод пив. яч., хмель, дрожжи;Rizhskoe_Barnoe.jpg
;;;;;;;;
Макарий Живое Н/Ф;;4,00%;-;11,00%;светлое нефильтрованное;Лагер;СОСТАВ: вода, солод пив. яч., хмель, дрожжи;Makarij_Zhivoe_NF.jpg
;;;;;;;;
Макарий Марочное;;4,50%;-;12,00%;светлое фильтрованное;Лагер;СОСТАВ: вода, солод пив. яч., хмель, дрожжи;Makarij_Marochnoe.jpg
;;;;;;;;
МАКАРЫЧ Ремесленное;;5,00%;-;12,30%;светлое фильтрованное;Лагер;СОСТАВ: вода, солод пив. яч., хмель, дрожжи;Makarych_Remeslennoe.jpg
;;;;;;;;
Моршанское;;4,50%;-;12,00%;светлое фильтрованное;Лагер;СОСТАВ: вода, солод пив. яч., крупа кукурузная, хмель, дрожжи;Morshanskoe.jpg
;;;;;;;;
Мюнхенское;;4,70%;-;12,20%;светлое нефильтрованное;Лагер;СОСТАВ: вода, солод пив. яч., хмель, дрожжи;Myunhenskoe.jpg
;;;;;;;;
Новая Бавария;;4,60%;-;12,10%;темное фильтрованное;Лагер;СОСТАВ: вода, солод пив. яч., яч.кар., хмель, дрожжи;Novaya_Bavariya.jpg
;;;;;;;;
Советский ГОСТ;;4,00%;-;12,00%;светлое фильтрованное;Лагер;СОСТАВ: вода, солод ячмен., хмель, дрожжи;Sovetskij_GOST.jpg
;;;;;;;;
Старая Крепость;;4,50%;-;12,00%;светлое фильтрованное;светлое;СОСТАВ: вода, солод ячмен., крупа рисовая, сахар, хмель, дрожжи;Staraya_Krepost.jpg
;;;;;;;;
Старопражское;;5,00%;-;12,30%;светлое фильтрованное;Лагер;СОСТАВ: вода, солод пив. яч., хмель, дрожжи;Staroprazhskoe.jpg
;;;;;;;;
Сыктывкарское Светлое;;4,00%;-;11,00%;светлое фильтрованное;Лагер;СОСТАВ: вода, солод пив. яч., хмель, дрожжи;Syktyvkarskoe_Svetloe.jpg
;;;;;;;;
Хадыженское;;4,50%;-;11,00%;светлое фильтрованное;Лагер;СОСТАВ: вода, солод пив. яч., хмель, дрожжи;Hadyzhenskoe.jpg
;;;;;;;;
Уездное;;5,30%;-;14,20%;светлое фильтрованное;Лагер;СОСТАВ: вода, солод пив. яч., хмель, дрожжи;Uezdnoe.jpg
;;;;;;;;
Чешская Деситка;;4,00%;-;10,00%;светлое фильтрованное;Лагер;СОСТАВ: вода, солод пив. яч., хмель, дрожжи;Cheshskaya_Desitka.jpg
;;;;;;;;
Чешское Домашнее;;3,20%;-;9,00%;светлое фильтрованное;Лагер;СОСТАВ: вода, солод пив. яч., хмель, дрожжи;Cheshskoe_Domashnee.jpg
;;;;;;;;
Чешское Элитное;;4,70%;-;12,00%;светлое фильтрованное;Лагер;СОСТАВ: вода, солод пив. яч., хмель, дрожжи;Cheshskoe_Elitnoe.jpg
;;;;;;;;
Чешское Н/Ф;;4,70%;-;12,00%;светлое нефильтрованное;Лагер НФ;СОСТАВ: вода, солод пив. яч., хмель, дрожжи;Cheshskoe_NF.jpg
;;;;;;;;
Алтайский ГОСТ;;4,00%;-;11,00%;светлое фильтрованное;Лагер;СОСТАВ: вода, солод пив. яч., хмель, дрожжи;Altajskij_GOST.jpg
;;;;;;;;
Koruna Ceska;;4,50%;-;12,00%;светлое фильтрованное;Лагер;СОСТАВ: вода, солод пив. яч.,хмель, дрожжи;Koruna_Ceska.jpg
;;;;;;;;
GINTARAS Бархатное;;4,40%;-;12,00%;темное фильтрованное;Лагер;СОСТАВ: вода, солод пив. яч.кар., сахар, хмель, дрожжи;Gintaras_Barhatnoe.jpg
;;;;;;;;
Макарий Export;;4,40%;-;11,10%;светлое фильтрованное;Лагер;СОСТАВ: вода, солод пив. яч., хмель, дрожжи;Makarij_Export.jpg
;;;;;;;;
Ирландский Эль;;6,50%;-;16,00%;темное фильтрованное;Темный Эль;СОСТАВ: вода, солод пив. яч., яч. кар., хмель, дрожжи;Irlandskij_El.jpg
;;;;;;;;
Weiss-Berg;;4,70%;-;12,00%;светлое нефильтрованное;Пшеничное/Бланш;СОСТАВ: вода, солод пив. пшен./яч., хмель, дрожжи;Weiss_Berg.jpg
;;;;;;;;
Крафтовое Белое;;4,50%;-;12,00%;светлое нефильтрованное;Лагер;СОСТАВ: вода, солод ячмен., крупа рисовая, сахар, хмель, дрожжи;Kraftovoe_Beloe.jpg
;;;;;;;;
Клостербрау;;4,00%;-;12,00%;светлое нефильтрованное;Пшеничное/бланш;СОСТАВ: вода, солод пив. яч., пшеничный, дрожжи;Klosterbrau.jpg
;;;;;;;;
Снежный Эль;;4,50%;-;12,00%;светлое нефильтрованное;Лагер НФ;СОСТАВ: вода, солод пив. яч., хмель, дрожжи;Snezhnyj_El.jpg
;;;;;;;;
Самосвал;;7,00%;-;16,00%;светлое фильтрованное;Лагер;СОСТАВ: вода, солод пив. яч., хмель, дрожжи;Samosval.jpg
;;;;;;;;
Немецкий Вкус;;5,00%;-;12,00%;светлое фильтрованное;Лагер;СОСТАВ: вода, солод пив. яч., хмель, дрожжи;Nemetskij_Vkus.jpg
;;;;;;;;
Домашний Свар;;4,00%;-;11,00%;светлое нефильтрованное;Лагер НФ;СОСТАВ: вода, солод пив. яч., хмель, дрожжи;Domashnij_Svar.jpg
;;;;;;;;
Апшеронское;;4,00%;-;11,00%;светлое фильтрованное;Лагер;СОСТАВ: вода, солод пив. яч., хмель, дрожжи;Apsheronskoe.jpg
;;;;;;;;
Домодедовское;;4,50%;-;12,00%;светлое фильтрованное;Лагер;СОСТАВ: вода, солод пив. яч., хмель, дрожжи;Domodedovskoe.jpg
;;;;;;;;
Домодедовское Н/Ф;;4,00%;-;11,00%;светлое нефильтрованное;Лагер НФ;СОСТАВ: вода, солод пив. яч., хмель, дрожжи;Domodedovskoe_NF.jpg
;;;;;;;;
;;;;;;;;
;;;;;;;;
# Импорт;;;;;;;;
;;;;;;;;
Schneider Weisse TAP 1 Hefeweissbier Naturtrub;;4,90%;13;11,30%;светлое нефильтрованное;Weissbier;СОСТАВ: вода, солод пивовар. яч.  пшен., хмель, дрожжи;Schneider_Weisse_TAP_1.jpg
;;;;;;;;
Kurpfalz Brau;;5,20%;16;12,50%;светлое фильтрованное;Лагер Хель;СОСТАВ: вода, солод пивовар. яч., хмель, дрожжи;Kurpfalz_Brau.jpg
;;;;;;;;
Paulaner Munchner Hell;;4,90%;20;11,50%;светлое фильтрованное;Лагер хель;СОСТАВ: вода, солод пив. яч., хмель, дрожжи;Paulaner_Munchner_Hell.jpg
;;;;;;;;
Radeberger Pilsner;;4,80%;-;14,00%;светлое фильтрованное;Пилс;СОСТАВ: вода, солод пив. яч., хмель, дрожжи;Radeberger_Pilsner.jpg
;;;;;;;;
Schöfferhofer Hefeweizen;;5,00%;-;11,40%;светлое нефильтрованное;Hefeweizen;СОСТАВ: вода, солод пив. пшен., хмель, дрожжи;Schofferhofer_Hefeweizen.jpg
;;;;;;;;
Ayinger Lager Hell;;4,90%;15;11,80%;светлое фильтрованное;Лагер хель;СОСТАВ: вода, солод пив. яч., хмель, дрожжи;Ayinger_Lager_Hell.jpg
;;;;;;;;
Zubr Gold;;4,60%;-;11,00%;светлое фильтрованное;Лагер;СОСТАВ: вода, солод пив. яч., хмель, дрожжи;Zubr_Gold.jpg
;;;;;;;;
;;;;;;;;
;;;;;;;;
# Крафт;;;;;;;;
;;;;;;;;
Iron Woods Stout;;4,80%;35;11,00%;темное фильтрованное;Стаут;СОСТАВ: вода, солод пив. яч., хмель, дрожжи;Iron_Woods_Stout.jpg
;;;;;;;;
Milk of Amnesia;;5,50%;35;14,30%;светлое нефильтрованное;Милкшейк ИПА;СОСТАВ: вода, солод пив. яч., пшен., овсян., хмель, лактоза, конц.сок троп., дрожжи;Milk_of_Amnesia.jpg
;;;;;;;;
Ausweis;;5,20%;15;13,00%;светлое нефильтрованное;Пшеничный Эль;СОСТАВ: вода, солод пив. пшен., яч., ячм карам., хмель, дрожжи;Ausweis.jpg
;;;;;;;;
Pilsner;;4,50%;-;12,00%;светлое фильтрованное;Лагер/Пилс;СОСТАВ: вода, солод пив. яч., хмель, дрожжи;Samovar.jpg
;;;;;;;;
Premium Lager;;4,70%;-;12,00%;светлое фильтрованное;Лагер;СОСТАВ: вода, солод пив. яч., хмель, дрожжи;Samovar.jpg
;;;;;;;;
White Ale;;4,50%;-;13,00%;светлое нефильтрованное;Пшеничное;СОСТАВ: вода, солод пив. яч., пшенич., хмель, дрожжи;Samovar.jpg
;;;;;;;;
Heidegger Hell;;4,70%;-;12,00%;светлое фильтрованное;Лагер Хель;СОСТАВ: вода, солод пив. яч., хмель, дрожжи;Heidegger_Hell.jpg
;;;;;;;;
Blue Monkey;;5,40%;15;12,70%;светлое нефильтрованное;Витбир/Бланш;СОСТАВ: вода, солод пив. пшен., яч., овсян., ., хмель, цедра, кориандр, дрожжи;Blue_Monkey.jpg
;;;;;;;;
Kriek De Lutin;;4,00%;-;15,00%;темное нефильтрованное;Ламбик;СОСТАВ: вода, солод пив. яч., вишневый сок, хмель, дрожжи;Kriek_De_Lutin.jpg
;;;;;;;;
Карамбуляж;;8,60%;70;20,00%;светлое нефильтрованное;Дабл ИПА;СОСТАВ: вода, солод пив. яч., хмель, дрожжи;Karambulyazh.jpg
;;;;;;;;
Ruby Road;;7,00%;15;18,00%;темное фильтрованное;Фруктовый Эль;СОСТАВ: вода, солод пив. яч. яч. карам., пшен., вишн. конц. сок., хмель, дрожжи;Ruby_Road.jpg
;;;;;;;;
Nut Butter;;5,50%;10;14,00%;темное нефильтрованное;Браун Эль;СОСТАВ: вода, солод пив. яч. яч. карам., хмель, сироп лесной орех, дрожжи;Nut_Butter.jpg
;;;;;;;;
ТА’IPA;;6,50%;-;16,00%;светлое нефильтрованное;ИПА;СОСТАВ: вода, солод пив. яч., хмель, дрожжи;TA_IPA.jpg
;;;;;;;;
India Pale Ale;;6,00%;-;14,00%;светлое нефильтрованное;ИПА;СОСТАВ: вода, солод пив. яч., хмель, дрожжи;Samovar.jpg
;;;;;;;;
Kölsch Кёльш;;4,80%;-;12,00%;светлое фильтрованное;Кёльш;СОСТАВ: вода, солод пив. яч., хмель, дрожжи;Samovar.jpg
;;;;;;;;
Friday Avenue;;4,70%;24;11,70%;светлое фильтрованное;АПА;СОСТАВ: вода, солод пив. яч., хмель, дрожжи;Friday_Avenue.jpg
;;;;;;;;
Bowler IPA;;6,10%;70;14,50%;светлое нефильтрованное;ИПА;СОСТАВ: вода, солод пив. яч., хмель, солод. пив. яч. карам., дрожжи;Bowler_IPA.jpg
;;;;;;;;
Понедельник;;5,00%;-;13,00%;светлое фильтрованное;Лагер;СОСТАВ: вода, солод пив. яч., хмель, дрожжи;Ponedelnik.jpg
;;;;;;;;
Рыжая Соня;;6,20%;54;16,00%;светлое нефильтрованное;ИПА;СОСТАВ: вода, солод пив. яч. солод яч. кар., пненич., хмель, дрожжи;Ryzhaya_Sonya.jpg
;;;;;;;;
Бычье Сердце;;6,50%;-;15,00%;неосветленное нефильтрованное;Гозе;СОСТАВ: вода, солод пив. яч., томатная паста, специи, хмель, дрожжи;Byche_Serdtse.jpg
;;;;;;;;
# БА;;;;;;;;
;;;;;;;;
Барбарис;;-;-;-;-;Лимонад;СОСТАВ: вода, барбарис, сахар;Barbaris.jpg
;;;;;;;;
Дюшес;;-;-;-;-;Лимонад;СОСТАВ: вода, сок груши, сахар;Dyushes.jpg
;;;;;;;;
Лимонад;;-;-;-;-;Лимонад;СОСТАВ: вода, сок лимона, сахар;Limonad.jpg
;;;;;;;;
Квас Деревенский;;-;-;-;-;Квас Светлый;СОСТАВ: вода, сахар, концентрат квасного сусла, дрожжи;Kvas_Derevenskij.jpg
;;;;;;;;
Квас Домашний;;-;-;-;-;Квас Темный;СОСТАВ: вода, сахар, концентрат квасного сусла, дрожжи;Kvas_Domashnij.jpg
;;;;;;;;
;;;;;;;;
;;;;;;;;
;;;;;;;;
# Сидр/Медовуха;;;;;;;;
Сидр Вишня-Миндаль;;5,00%;-;-;-;Сидр;СОСТАВ: вода, яблочный сок, вишневый сок, миндаль;sidr_vishnya_mindal.jpg
;;;;;;;;
Сидр Груша;;5,00%;-;-;-;Сидр;СОСТАВ: вода, яблочный сок, грушевый сок;sidr_grusha.jpg
;;;;;;;;
Сидр Дыня-Маракуйя;;5,00%;-;-;-;Сидр;СОСТАВ: вода, яблочный сок, сок дыни, сок маракуйи;sidr_dynya_marakuya.jpg
;;;;;;;;
Сидр Малина;;5,00%;-;-;-;Сидр;СОСТАВ: вода, яблочный сок, сок малины;sidr_malina.jpg
;;;;;;;;
Сидр Смородина;;5,00%;-;-;-;Сидр;СОСТАВ: вода, яблочный сок, сок смородины;sidr_smorodina.jpg
;;;;;;;;
Сидр Яблоко;;5,00%;-;-;-;Сидр;СОСТАВ: вода, яблочный сок, дрожжи;sidr_yabloko.jpg
;;;;;;;;
Сидр Лесные Ягоды;;5,00%;-;-;-;Сидр;СОСТАВ: вода, яблочный сок, ежевичный сок;sidr_lesnye_yagody.jpg
;;;;;;;;
Шампань Асти Розе;;5,50%;-;-;-;Сидр;СОСТАВ: яблочный сок, ароматизаторы, сахарный сироп;Shampan_Asti_Roze.jpg
;;;;;;;;
Поцелуй Фрейи;;4,70%;-;-;-;Медовуха;СОСТАВ: вода, цветочный мед, сахар, дрожжи;freya.jpg
;;;;;;;;
Кровь Валькирии;;4,70%;-;-;-;Медовуха;СОСТАВ: вода, цветочный мед, вишневый сок, дрожжи;krov_valkirii.jpg
;;;;;;;;
Плата Мимира;;4,70%;-;-;-;Медовуха;СОСТАВ: вода, цвет. мед, сок голубики, экст. ореха, дрожжи;plata_mimira.jpg
;;;;;;;;
White Phoenix Гранат-Малина;;5,60%;-;-;-;Медовуха;СОСТАВ: вода, медовосахорная основа, сок граната, сок малины, корня черной моркови;White_Phoenix_Granat_Malina.jpg
;;;;;;;;
# Глетчер;;;;;;;;
;;;;;;;;
Iron Woods Stout;;4,80%;35;11,00%;темное фильтрованное;Стаут;СОСТАВ: вода, солод пив. яч., хмель, дрожжи;Iron_Woods_Stout.jpg
;;;;;;;;
Milk of Amnesia;;5,50%;35;14,30%;светлое нефильтрованное;Милкшейк ИПА;СОСТАВ: вода, солод пив. яч., пшен., овсян., хмель, лактоза, конц.сок троп., дрожжи;Milk_of_Amnesia.jpg
;;;;;;;;
Ausweis;;5,20%;15;13,00%;светлое нефильтрованное;Пшеничный Эль;СОСТАВ: вода, солод пив. пшен., яч., ячм карам., хмель, дрожжи;Ausweis.jpg
;;;;;;;;
Heidegger Hell;;4,70%;-;12,00%;светлое фильтрованное;Лагер Хель;СОСТАВ: вода, солод пив. яч., хмель, дрожжи;Heidegger_Hell.jpg
;;;;;;;;
Blue Monkey;;5,40%;15;12,70%;светлое нефильтрованное;Витбир/Бланш;СОСТАВ: вода, солод пив. пшен., яч., овсян., ., хмель, цедра, кориандр, дрожжи;Blue_Monkey.jpg
;;;;;;;;
Ruby Road;;7,00%;15;18,00%;темное фильтрованное;Фруктовый Эль;СОСТАВ: вода, солод пив. яч. яч. карам., пшен., вишн. конц. сок., хмель, дрожжи;Ruby_Road.jpg
;;;;;;;;
Nut Butter;;5,50%;10;14,00%;темное нефильтрованное;Браун Эль;СОСТАВ: вода, солод пив. яч. яч. карам., хмель, сироп лесной орех, дрожжи;Nut_Butter.jpg
;;;;;;;;
Friday Avenue;;4,70%;24;11,70%;светлое фильтрованное;АПА;СОСТАВ: вода, солод пив. яч., хмель, дрожжи;Friday_Avenue.jpg
;;;;;;;;
Bowler IPA;;6,10%;70;14,50%;светлое нефильтрованное;ИПА;СОСТАВ: вода, солод пив. яч., хмель, солод. пив. яч. карам., дрожжи;Bowler_IPA.jpg
;;;;;;;;
# Самовар/МП;;;;;;;;
;;;;;;;;
India Pale Ale;;6,00%;-;14,00%;светлое нефильтрованное;ИПА;СОСТАВ: вода, солод пив. яч., хмель, дрожжи;Samovar.jpg
;;;;;;;;
Kölsch Кёльш;;4,80%;-;12,00%;светлое фильтрованное;Кёльш;СОСТАВ: вода, солод пив. яч., хмель, дрожжи;Samovar.jpg
;;;;;;;;
Pilsner;;4,50%;-;12,00%;светлое фильтрованное;Лагер/Пилс;СОСТАВ: вода, солод пив. яч., хмель, дрожжи;Samovar.jpg
;;;;;;;;
Premium Lager;;4,70%;-;12,00%;светлое фильтрованное;Лагер;СОСТАВ: вода, солод пив. яч., хмель, дрожжи;Samovar.jpg
;;;;;;;;
White Ale;;4,50%;-;13,00%;светлое нефильтрованное;Пшеничное;СОСТАВ: вода, солод пив. яч., пшенич., хмель, дрожжи;Samovar.jpg
